[{"model": "bubbleworld.navigation", "pk": 1, "fields": {"name": "\u4e66\u7c4d", "url": "/bubbleworld/section/1", "created_time": "2020-05-28T03:39:31.697Z"}}, {"model": "bubbleworld.navigation", "pk": 2, "fields": {"name": "\u5f71\u89c6", "url": "/bubbleworld/section/2", "created_time": "2020-05-28T03:39:31.715Z"}}, {"model": "bubbleworld.navigation", "pk": 3, "fields": {"name": "\u8bdd\u9898", "url": "/bubbleworld/section/3", "created_time": "2020-05-28T03:39:31.720Z"}}, {"model": "bubbleworld.navigation", "pk": 4, "fields": {"name": "\u5c0f\u7ec4", "url": "/bubbleworld/section/4", "created_time": "2020-05-28T03:39:31.718Z"}}, {"model": "contenttypes.contenttype", "pk": 1, "fields": {"app_label": "bubbleworld", "model": "user"}}, {"model": "contenttypes.contenttype", "pk": 2, "fields": {"app_label": "bubbleworld", "model": "navigation"}}, {"model": "contenttypes.contenttype", "pk": 3, "fields": {"app_label": "bubbleworld", "model": "section"}}, {"model": "contenttypes.contenttype", "pk": 4, "fields": {"app_label": "bubbleworld", "model": "post"}}, {"model": "contenttypes.contenttype", "pk": 5, "fields": {"app_label": "bubbleworld", "model": "postpart"}}, {"model": "contenttypes.contenttype", "pk": 6, "fields": {"app_label": "bubbleworld", "model": "postpartcomment"}}, {"model": "contenttypes.contenttype", "pk": 7, "fields": {"app_label": "bubbleworld", "model": "adminapply"}}, {"model": "contenttypes.contenttype", "pk": 8, "fields": {"app_label": "bubbleworld", "model": "comment"}}, {"model": "contenttypes.contenttype", "pk": 9, "fields": {"app_label": "bubbleworld", "model": "commentreport"}}, {"model": "contenttypes.contenttype", "pk": 10, "fields": {"app_label": "admin", "model": "logentry"}}, {"model": "contenttypes.contenttype", "pk": 11, "fields": {"app_label": "auth", "model": "permission"}}, {"model": "contenttypes.contenttype", "pk": 12, "fields": {"app_label": "auth", "model": "group"}}, {"model": "contenttypes.contenttype", "pk": 13, "fields": {"app_label": "contenttypes", "model": "contenttype"}}, {"model": "contenttypes.contenttype", "pk": 14, "fields": {"app_label": "sessions", "model": "session"}}, {"model": "contenttypes.contenttype", "pk": 15, "fields": {"app_label": "sites", "model": "site"}}, {"model": "sessions.session", "pk": "63lqphzo8j8iw8lr8mv3rbljjv1f3snz", "fields": {"session_data": "ODNmZjRmY2YyYTQxYWM5OTVkODc1MGVlZjk5NjY2MzM3ZDFjYzdmZTp7Il9hdXRoX3VzZXJfaWQiOiIyIiwiX2F1dGhfdXNlcl9iYWNrZW5kIjoiZGphbmdvLmNvbnRyaWIuYXV0aC5iYWNrZW5kcy5Nb2RlbEJhY2tlbmQiLCJfYXV0aF91c2VyX2hhc2giOiI2ZTE4ZDZiZDE4Y2EwYTkxYTNiNTBjNmFiNTVlN2EwOGJmNmY0MDZkIiwiY2FwdGNoYSI6InVKOWgifQ==", "expire_date": "2020-05-28T06:44:39.120Z"}}, {"model": "sessions.session", "pk": "muvxijz30xlkcoqg1yjvyo18f4vfk1tv", "fields": {"session_data": "M2M1ZDg0YjI2MmY1YTAzNmVkOTFlMTgxNjIyYjc2ZjI1YjVlMjU0ODp7Il9hdXRoX3VzZXJfaWQiOiIxIiwiX2F1dGhfdXNlcl9iYWNrZW5kIjoiZGphbmdvLmNvbnRyaWIuYXV0aC5iYWNrZW5kcy5Nb2RlbEJhY2tlbmQiLCJfYXV0aF91c2VyX2hhc2giOiJhOGUyMDRiYTVhZDJiMWJlMmRmMDQwNzZmZTEzYmYwNWU3NzUwMzI2IiwiY2FwdGNoYSI6IkdSTWsifQ==", "expire_date": "2020-05-28T04:46:39.604Z"}}, {"model": "sessions.session", "pk": "pmj88dabil3oauto2oojded9nfocamft", "fields": {"session_data": "MzRjMmEzMGU5M2MwYjljNTRkYzI2MGVlYWRiN2I5Y2U0MWM0NmI1ZTp7Il9hdXRoX3VzZXJfaWQiOiIyIiwiX2F1dGhfdXNlcl9iYWNrZW5kIjoiZGphbmdvLmNvbnRyaWIuYXV0aC5iYWNrZW5kcy5Nb2RlbEJhY2tlbmQiLCJfYXV0aF91c2VyX2hhc2giOiI2ZTE4ZDZiZDE4Y2EwYTkxYTNiNTBjNmFiNTVlN2EwOGJmNmY0MDZkIiwiY2FwdGNoYSI6IklwSlEifQ==", "expire_date": "2020-05-28T04:42:47.619Z"}}, {"model": "sites.site", "pk": 1, "fields": {"domain": "example.com", "name": "example.com"}}, {"model": "auth.permission", "pk": 1, "fields": {"name": "Can add \u7528\u6237", "content_type": 1, "codename": "add_user"}}, {"model": "auth.permission", "pk": 2, "fields": {"name": "Can change \u7528\u6237", "content_type": 1, "codename": "change_user"}}, {"model": "auth.permission", "pk": 3, "fields": {"name": "Can delete \u7528\u6237", "content_type": 1, "codename": "delete_user"}}, {"model": "auth.permission", "pk": 4, "fields": {"name": "Can view \u7528\u6237", "content_type": 1, "codename": "view_user"}}, {"model": "auth.permission", "pk": 5, "fields": {"name": "Can add \u5bfc\u822a", "content_type": 2, "codename": "add_navigation"}}, {"model": "auth.permission", "pk": 6, "fields": {"name": "Can change \u5bfc\u822a", "content_type": 2, "codename": "change_navigation"}}, {"model": "auth.permission", "pk": 7, "fields": {"name": "Can delete \u5bfc\u822a", "content_type": 2, "codename": "delete_navigation"}}, {"model": "auth.permission", "pk": 8, "fields": {"name": "Can view \u5bfc\u822a", "content_type": 2, "codename": "view_navigation"}}, {"model": "auth.permission", "pk": 9, "fields": {"name": "Can add \u533a\u5757", "content_type": 3, "codename": "add_section"}}, {"model": "auth.permission", "pk": 10, "fields": {"name": "Can change \u533a\u5757", "content_type": 3, "codename": "change_section"}}, {"model": "auth.permission", "pk": 11, "fields": {"name": "Can delete \u533a\u5757", "content_type": 3, "codename": "delete_section"}}, {"model": "auth.permission", "pk": 12, "fields": {"name": "Can view \u533a\u5757", "content_type": 3, "codename": "view_section"}}, {"model": "auth.permission", "pk": 13, "fields": {"name": "Can add \u4e3b\u9898\u5e16", "content_type": 4, "codename": "add_post"}}, {"model": "auth.permission", "pk": 14, "fields": {"name": "Can change \u4e3b\u9898\u5e16", "content_type": 4, "codename": "change_post"}}, {"model": "auth.permission", "pk": 15, "fields": {"name": "Can delete \u4e3b\u9898\u5e16", "content_type": 4, "codename": "delete_post"}}, {"model": "auth.permission", "pk": 16, "fields": {"name": "Can view \u4e3b\u9898\u5e16", "content_type": 4, "codename": "view_post"}}, {"model": "auth.permission", "pk": 17, "fields": {"name": "Can add \u95f4\u8d34", "content_type": 5, "codename": "add_postpart"}}, {"model": "auth.permission", "pk": 18, "fields": {"name": "Can change \u95f4\u8d34", "content_type": 5, "codename": "change_postpart"}}, {"model": "auth.permission", "pk": 19, "fields": {"name": "Can delete \u95f4\u8d34", "content_type": 5, "codename": "delete_postpart"}}, {"model": "auth.permission", "pk": 20, "fields": {"name": "Can view \u95f4\u8d34", "content_type": 5, "codename": "view_postpart"}}, {"model": "auth.permission", "pk": 21, "fields": {"name": "Can add \u95f4\u8d34\u8bc4\u8bba", "content_type": 6, "codename": "add_postpartcomment"}}, {"model": "auth.permission", "pk": 22, "fields": {"name": "Can change \u95f4\u8d34\u8bc4\u8bba", "content_type": 6, "codename": "change_postpartcomment"}}, {"model": "auth.permission", "pk": 23, "fields": {"name": "Can delete \u95f4\u8d34\u8bc4\u8bba", "content_type": 6, "codename": "delete_postpartcomment"}}, {"model": "auth.permission", "pk": 24, "fields": {"name": "Can view \u95f4\u8d34\u8bc4\u8bba", "content_type": 6, "codename": "view_postpartcomment"}}, {"model": "auth.permission", "pk": 25, "fields": {"name": "Can add \u7ba1\u7406\u5458\u7533\u8bf7", "content_type": 7, "codename": "add_adminapply"}}, {"model": "auth.permission", "pk": 26, "fields": {"name": "Can change \u7ba1\u7406\u5458\u7533\u8bf7", "content_type": 7, "codename": "change_adminapply"}}, {"model": "auth.permission", "pk": 27, "fields": {"name": "Can delete \u7ba1\u7406\u5458\u7533\u8bf7", "content_type": 7, "codename": "delete_adminapply"}}, {"model": "auth.permission", "pk": 28, "fields": {"name": "Can view \u7ba1\u7406\u5458\u7533\u8bf7", "content_type": 7, "codename": "view_adminapply"}}, {"model": "auth.permission", "pk": 29, "fields": {"name": "Can add \u8bc4\u8bba", "content_type": 8, "codename": "add_comment"}}, {"model": "auth.permission", "pk": 30, "fields": {"name": "Can change \u8bc4\u8bba", "content_type": 8, "codename": "change_comment"}}, {"model": "auth.permission", "pk": 31, "fields": {"name": "Can delete \u8bc4\u8bba", "content_type": 8, "codename": "delete_comment"}}, {"model": "auth.permission", "pk": 32, "fields": {"name": "Can view \u8bc4\u8bba", "content_type": 8, "codename": "view_comment"}}, {"model": "auth.permission", "pk": 33, "fields": {"name": "Can add \u8bc4\u8bba\u4e3e\u62a5", "content_type": 9, "codename": "add_commentreport"}}, {"model": "auth.permission", "pk": 34, "fields": {"name": "Can change \u8bc4\u8bba\u4e3e\u62a5", "content_type": 9, "codename": "change_commentreport"}}, {"model": "auth.permission", "pk": 35, "fields": {"name": "Can delete \u8bc4\u8bba\u4e3e\u62a5", "content_type": 9, "codename": "delete_commentreport"}}, {"model": "auth.permission", "pk": 36, "fields": {"name": "Can view \u8bc4\u8bba\u4e3e\u62a5", "content_type": 9, "codename": "view_commentreport"}}, {"model": "auth.permission", "pk": 37, "fields": {"name": "Can add log entry", "content_type": 10, "codename": "add_logentry"}}, {"model": "auth.permission", "pk": 38, "fields": {"name": "Can change log entry", "content_type": 10, "codename": "change_logentry"}}, {"model": "auth.permission", "pk": 39, "fields": {"name": "Can delete log entry", "content_type": 10, "codename": "delete_logentry"}}, {"model": "auth.permission", "pk": 40, "fields": {"name": "Can view log entry", "content_type": 10, "codename": "view_logentry"}}, {"model": "auth.permission", "pk": 41, "fields": {"name": "Can add permission", "content_type": 11, "codename": "add_permission"}}, {"model": "auth.permission", "pk": 42, "fields": {"name": "Can change permission", "content_type": 11, "codename": "change_permission"}}, {"model": "auth.permission", "pk": 43, "fields": {"name": "Can delete permission", "content_type": 11, "codename": "delete_permission"}}, {"model": "auth.permission", "pk": 44, "fields": {"name": "Can view permission", "content_type": 11, "codename": "view_permission"}}, {"model": "auth.permission", "pk": 45, "fields": {"name": "Can add group", "content_type": 12, "codename": "add_group"}}, {"model": "auth.permission", "pk": 46, "fields": {"name": "Can change group", "content_type": 12, "codename": "change_group"}}, {"model": "auth.permission", "pk": 47, "fields": {"name": "Can delete group", "content_type": 12, "codename": "delete_group"}}, {"model": "auth.permission", "pk": 48, "fields": {"name": "Can view group", "content_type": 12, "codename": "view_group"}}, {"model": "auth.permission", "pk": 49, "fields": {"name": "Can add content type", "content_type": 13, "codename": "add_contenttype"}}, {"model": "auth.permission", "pk": 50, "fields": {"name": "Can change content type", "content_type": 13, "codename": "change_contenttype"}}, {"model": "auth.permission", "pk": 51, "fields": {"name": "Can delete content type", "content_type": 13, "codename": "delete_contenttype"}}, {"model": "auth.permission", "pk": 52, "fields": {"name": "Can view content type", "content_type": 13, "codename": "view_contenttype"}}, {"model": "auth.permission", "pk": 53, "fields": {"name": "Can add session", "content_type": 14, "codename": "add_session"}}, {"model": "auth.permission", "pk": 54, "fields": {"name": "Can change session", "content_type": 14, "codename": "change_session"}}, {"model": "auth.permission", "pk": 55, "fields": {"name": "Can delete session", "content_type": 14, "codename": "delete_session"}}, {"model": "auth.permission", "pk": 56, "fields": {"name": "Can view session", "content_type": 14, "codename": "view_session"}}, {"model": "auth.permission", "pk": 57, "fields": {"name": "Can add site", "content_type": 15, "codename": "add_site"}}, {"model": "auth.permission", "pk": 58, "fields": {"name": "Can change site", "content_type": 15, "codename": "change_site"}}, {"model": "auth.permission", "pk": 59, "fields": {"name": "Can delete site", "content_type": 15, "codename": "delete_site"}}, {"model": "auth.permission", "pk": 60, "fields": {"name": "Can view site", "content_type": 15, "codename": "view_site"}}, {"model": "bubbleworld.user", "pk": 1, "fields": {"password": "pbkdf2_sha256$180000$pDJp4RGvL20c$yoB1JWSLRh+mPpkig1hB7yVGM8BbRi8YaYWnmRwR5Qc=", "last_login": "2020-05-28T04:16:18.919Z", "is_superuser": true, "username": "root", "first_name": "", "last_name": "", "email": "8@qq.com", "is_staff": true, "is_active": true, "date_joined": "2020-05-28T03:40:19.219Z", "avatar": "/static/open-iconic/png/person-3x.png", "privilege": 0, "groups": [], "user_permissions": []}}, {"model": "bubbleworld.user", "pk": 2, "fields": {"password": "pbkdf2_sha256$180000$7MnChjxQjeIE$ygB/dnIAT7SorDAbeZwTrtwID+3NsIDFEojOK6rZTAY=", "last_login": "2020-05-28T04:14:37.870Z", "is_superuser": false, "username": "Dybala", "first_name": "", "last_name": "", "email": "1169206607@qq.com", "is_staff": false, "is_active": true, "date_joined": "2020-05-28T04:04:44.163Z", "avatar": "/static/open-iconic/png/person-3x.png", "privilege": 0, "groups": [], "user_permissions": []}}, {"model": "bubbleworld.user", "pk": 3, "fields": {"password": "pbkdf2_sha256$180000$3bOLGwYvL0ui$KDdo72fCxeAt7Xa4n26e9YR+bN+/4RWWGHKCuuHdmRA=", "last_login": "2020-05-28T06:04:46.759Z", "is_superuser": false, "username": "zyc820540373", "first_name": "", "last_name": "", "email": "820540373@qq.com", "is_staff": false, "is_active": true, "date_joined": "2020-05-28T06:04:46.506Z", "avatar": "/static/open-iconic/png/person-3x.png", "privilege": 0, "groups": [], "user_permissions": []}}, {"model": "bubbleworld.section", "pk": 1, "fields": {"name": "\u4e66\u7c4d", "author": "", "section_type": 1, "director": "", "actor": "", "author_description": "", "parent_section": null, "description": "\u8fd9\u91cc\u6709\u5f88\u591a\u4e66\u7c4d", "img": "", "content_number": 5, "star": "0.0", "created_at": "2020-05-28T03:39:31.686Z", "updated_at": "2020-05-28T03:39:31.686Z", "admins": [], "users": []}}, {"model": "bubbleworld.section", "pk": 2, "fields": {"name": "\u7535\u5f71", "author": "", "section_type": 2, "director": "", "actor": "", "author_description": "", "parent_section": null, "description": "\u8fd9\u91cc\u6709\u5f88\u591a\u5f71\u89c6", "img": "", "content_number": 4, "star": "0.0", "created_at": "2020-05-28T03:39:31.689Z", "updated_at": "2020-05-28T03:39:31.689Z", "admins": [], "users": []}}, {"model": "bubbleworld.section", "pk": 3, "fields": {"name": "\u8bdd\u9898", "author": "", "section_type": 3, "director": "", "actor": "", "author_description": "", "parent_section": null, "description": "\u5206\u4eab\u5e76\u53c2\u4e0e\u4e00\u4e2a\u8bdd\u9898", "img": "", "content_number": 5, "star": "0.0", "created_at": "2020-05-28T03:39:31.693Z", "updated_at": "2020-05-28T03:39:31.693Z", "admins": [], "users": []}}, {"model": "bubbleworld.section", "pk": 4, "fields": {"name": "\u5c0f\u7ec4", "author": "", "section_type": 4, "director": "", "actor": "", "author_description": "", "parent_section": null, "description": "\u6765\u53c2\u4e0e\u4e00\u4e2a\u5c0f\u7ec4", "img": "", "content_number": 4, "star": "0.0", "created_at": "2020-05-28T03:39:31.695Z", "updated_at": "2020-05-28T03:39:31.695Z", "admins": [], "users": []}}, {"model": "bubbleworld.section", "pk": 5, "fields": {"name": "\u4e09\u4f53", "author": "\u5218\u6148\u6b23", "section_type": 5, "director": "", "actor": "", "author_description": "", "parent_section": 1, "description": "\u4e09\u4f53\uff0c\u6c38\u8fdc\u6ef4\u795e", "img": "photo/s2768378_rglYwdg.jpg", "content_number": 0, "star": "0.0", "created_at": "2020-05-28T04:02:59.982Z", "updated_at": "2020-05-28T04:02:59.982Z", "admins": [], "users": [1]}}, {"model": "bubbleworld.section", "pk": 6, "fields": {"name": "\u767d\u591c\u884c", "author": "\u4e1c\u91ce\u572d\u543e", "section_type": 5, "director": "", "actor": "", "author_description": "", "parent_section": 1, "description": "\u300a\u767d\u591c\u884c\u300b\u662f\u65e5\u672c\u4f5c\u5bb6\u4e1c\u91ce\u572d\u543e\u521b\u4f5c\u7684\u957f\u7bc7\u5c0f\u8bf4\uff0c\u4e5f\u662f\u5176\u4ee3\u8868\u4f5c\u3002", "img": "photo/\u767d\u591c\u884c.jpg", "content_number": 3, "star": "2.5", "created_at": "2020-05-28T04:16:43.146Z", "updated_at": "2020-05-28T05:12:08.094Z", "admins": [], "users": [2]}}, {"model": "bubbleworld.section", "pk": 7, "fields": {"name": "\u6d3b\u7740", "author": "\u4f59\u534e", "section_type": 5, "director": "", "actor": "", "author_description": "", "parent_section": 1, "description": "\u8bb2\u8ff0\u4e86\u519c\u6751\u4eba\u798f\u8d35\u60b2\u60e8\u7684\u4eba\u751f\u906d\u9047\uff0c\u4e2d\u56fd\u767e\u4f4d\u6279\u8bc4\u5bb6\u548c\u6587\u5b66\u7f16\u8f91\u8bc4\u9009\u7684\u201c20\u4e16\u7eaa90\u5e74\u4ee3\u6700\u6709\u5f71\u54cd\u768410\u90e8\u4f5c\u54c1\u201d\u3002", "img": "photo/\u6d3b\u7740.jpg", "content_number": 0, "star": "0.0", "created_at": "2020-05-28T04:37:59.377Z", "updated_at": "2020-05-28T04:37:59.377Z", "admins": [], "users": [2]}}, {"model": "bubbleworld.section", "pk": 8, "fields": {"name": "\u623f\u601d\u742a\u7684\u521d\u604b\u4e50\u56ed", "author": "\u6797\u5955\u542b", "section_type": 5, "director": "", "actor": "", "author_description": "", "parent_section": 1, "description": "\u4ee4\u4eba\u5fc3\u788e\u5374\u65e0\u80fd\u4e3a\u529b\u7684\u771f\u5b9e\u6545\u4e8b\u3002 \u5411\u6b7b\u800c\u751f\u7684\u6587\u5b66\u7edd\u5531 \u6253\u52a8\u4e07\u5343\u8bfb\u8005\u7684\u5e74\u5ea6\u534e\u8bed\u5c0f\u8bf4\u3002", "img": "photo/\u623f\u601d\u742a\u7684\u521d\u604b\u4e50\u56ed.jpg", "content_number": 0, "star": "0.0", "created_at": "2020-05-28T04:40:06.726Z", "updated_at": "2020-05-28T04:40:06.726Z", "admins": [], "users": [2]}}, {"model": "bubbleworld.section", "pk": 9, "fields": {"name": "\u8ffd\u98ce\u7b5d\u7684\u4eba", "author": "\u5361\u52d2\u5fb7\u00b7\u80e1\u8d5b\u5c3c", "section_type": 5, "director": "", "actor": "", "author_description": "", "parent_section": 1, "description": "\u4e3a\u4f60\uff0c\u5343\u5343\u4e07\u4e07\u904d", "img": "photo/\u8ffd\u98ce\u7b5d\u7684\u4eba.jpg", "content_number": 3, "star": "2.5", "created_at": "2020-05-28T04:41:53.048Z", "updated_at": "2020-05-28T05:07:13.954Z", "admins": [], "users": [2]}}, {"model": "bubbleworld.section", "pk": 10, "fields": {"name": "\u4e0a\u6d77\u5821\u5792", "author": "", "section_type": 6, "director": "\u6ed5\u534e\u6d9b", "actor": "\u9e7f\u6657", "author_description": "", "parent_section": 2, "description": "\u4e2d\u56fd\u79d1\u5e7b\u5143\u5e74\u4ee3\u8868\u4f5c", "img": "photo/\u4e0a\u6d77\u5821\u5792.webp", "content_number": 3, "star": "0.5", "created_at": "2020-05-28T04:44:59.174Z", "updated_at": "2020-05-28T05:02:47.145Z", "admins": [], "users": [2]}}, {"model": "bubbleworld.section", "pk": 11, "fields": {"name": "\u4f60\u7684\u540d\u5b57", "author": "", "section_type": 6, "director": "\u65b0\u6d77\u8bda", "actor": "\u795e\u6728\u9686\u4e4b\u4ecb / \u4e0a\u767d\u77f3\u840c\u97f3", "author_description": "", "parent_section": 2, "description": "\u5148\u5199\u4e0b \u6211\u7231\u4f60 \u518d\u5230\u4e16\u754c\u5c3d\u5934\u627e\u4f60\u7684\u540d\u5b57", "img": "photo/\u4f60\u7684\u540d\u5b57.webp.jpg", "content_number": 0, "star": "0.0", "created_at": "2020-05-28T04:47:39.575Z", "updated_at": "2020-05-28T04:47:39.575Z", "admins": [], "users": [2]}}, {"model": "bubbleworld.section", "pk": 12, "fields": {"name": "\u8096\u7533\u514b\u7684\u6551\u8d4e", "author": "", "section_type": 6, "director": "\u5f17\u5170\u514b\u00b7\u5fb7\u62c9\u90a6\u7279", "actor": "\u8482\u59c6\u00b7\u7f57\u5bbe\u65af / \u6469\u6839\u00b7\u5f17\u91cc\u66fc", "author_description": "", "parent_section": 2, "description": "\u6709\u7684\u4eba\u7684\u7fbd\u7ffc\u662f\u5982\u6b64\u5149\u8f89\uff0c\u5373\u4f7f\u4e16\u754c\u4e0a\u6700\u9ed1\u6697\u7684\u7262\u72f1\uff0c\u4e5f\u65e0\u6cd5\u957f\u4e45\u5730\u5c06\u4ed6\u56f4\u56f0\uff01", "img": "photo/\u8096\u7533\u514b\u7684\u6551\u8d4e.webp.jpg", "content_number": 0, "star": "0.0", "created_at": "2020-05-28T04:50:09.490Z", "updated_at": "2020-05-28T04:50:09.490Z", "admins": [], "users": [2]}}, {"model": "bubbleworld.section", "pk": 13, "fields": {"name": "\u5bc4\u751f\u866b", "author": "", "section_type": 6, "director": "\u5949\u4fca\u660a", "actor": "\u5b8b\u5eb7\u660a / \u674e\u5584\u5747 / \u8d75\u6c5d\u8d1e", "author_description": "", "parent_section": 2, "description": "\u51dd\u671b\u6df1\u6e0a\u8fc7\u4e45\uff0c\u6df1\u6e0a\u5c06\u56de\u4ee5\u51dd\u671b", "img": "photo/\u5bc4\u751f\u866b.webp.jpg", "content_number": 3, "star": "2.5", "created_at": "2020-05-28T04:54:41.168Z", "updated_at": "2020-05-28T05:17:13.758Z", "admins": [], "users": [2]}}, {"model": "bubbleworld.section", "pk": 14, "fields": {"name": "\u6211\u5728\u5317\u822a\u4e0a\u5927\u5b66", "author": "", "section_type": 7, "director": "", "actor": "", "author_description": "", "parent_section": 3, "description": "\u5728\u5317\u4eac\u822a\u7a7a\u822a\u5929\u5927\u5b66\u4e0a\u5927\u5b66\u662f\u4ec0\u4e48\u4f53\u9a8c", "img": "photo/\u5317\u822a.jpg", "content_number": 0, "star": "0.0", "created_at": "2020-05-28T05:19:40.933Z", "updated_at": "2020-05-28T06:06:55.746Z", "admins": [2], "users": [3, 2]}}, {"model": "bubbleworld.section", "pk": 15, "fields": {"name": "\u5b66\u4e60", "author": "", "section_type": 7, "director": "", "actor": "", "author_description": "", "parent_section": 3, "description": "\u4f60\u7231\u5b66\u4e60\u5417\uff0c\u4e00\u8d77\u6765\u804a\u804a\u5427", "img": "photo/da.jpg", "content_number": 0, "star": "0.0", "created_at": "2020-05-28T05:24:18.519Z", "updated_at": "2020-05-28T06:07:23.637Z", "admins": [2], "users": [2]}}, {"model": "bubbleworld.section", "pk": 16, "fields": {"name": "Uzi", "author": "", "section_type": 7, "director": "", "actor": "", "author_description": "", "parent_section": 3, "description": "\u6c61\u6e0d\uff0c\u6c38\u8fdc\u6ef4\u795e", "img": "photo/uzi.jpg", "content_number": 0, "star": "0.0", "created_at": "2020-05-28T05:26:16.965Z", "updated_at": "2020-05-28T06:12:02.233Z", "admins": [2], "users": [3, 2]}}, {"model": "bubbleworld.section", "pk": 17, "fields": {"name": "\u65b0\u51a0\u75ab\u60c5", "author": "", "section_type": 7, "director": "", "actor": "", "author_description": "", "parent_section": 3, "description": "\u4f60\u5bf9\u75ab\u60c5\u7684\u53d1\u5c55\u6709\u4ec0\u4e48\u770b\u6cd5", "img": "photo/\u75ab\u60c5.jpeg", "content_number": 0, "star": "0.0", "created_at": "2020-05-28T05:28:40.086Z", "updated_at": "2020-05-28T06:12:50.842Z", "admins": [2], "users": [2]}}, {"model": "bubbleworld.section", "pk": 18, "fields": {"name": "\u53e5\u5b50\u8ff7", "author": "", "section_type": 8, "director": "", "actor": "", "author_description": "", "parent_section": 4, "description": "\u6765\u63a8\u8350\u4f60\u6700\u559c\u6b22\u7684\u4e00\u53e5\u8bdd\u5427", "img": "photo/\u53e5\u5b50\u8ff7.webp.jpg", "content_number": 14, "star": "0.0", "created_at": "2020-05-28T05:30:31.743Z", "updated_at": "2020-05-28T06:44:10.781Z", "admins": [2], "users": [3, 2]}}, {"model": "bubbleworld.section", "pk": 19, "fields": {"name": "\u65c5\u6e38", "author": "", "section_type": 8, "director": "", "actor": "", "author_description": "", "parent_section": 4, "description": "\u4f60\u53bb\u8fc7\u54ea\u91cc\uff1f\u4f60\u6700\u60f3\u53bb\u54ea\u91cc\uff1f\u4e00\u8d77\u6765\u5206\u4eab\u5427", "img": "photo/\u65c5\u6e38.jpg", "content_number": 2, "star": "0.0", "created_at": "2020-05-28T05:33:37.895Z", "updated_at": "2020-05-28T06:36:43.361Z", "admins": [2], "users": [3, 2]}}, {"model": "bubbleworld.section", "pk": 20, "fields": {"name": "\u6e38\u620f", "author": "", "section_type": 8, "director": "", "actor": "", "author_description": "", "parent_section": 4, "description": "\u4f60\u559c\u6b22\u73a9\u4ec0\u4e48\u6e38\u620f", "img": "photo/\u6e38\u620f.webp.jpg", "content_number": 0, "star": "0.0", "created_at": "2020-05-28T05:34:58.117Z", "updated_at": "2020-05-28T05:34:58.117Z", "admins": [2], "users": [2]}}, {"model": "bubbleworld.section", "pk": 21, "fields": {"name": "222", "author": "", "section_type": 7, "director": "", "actor": "", "author_description": "", "parent_section": 3, "description": "22", "img": "photo/s2768378_hS24Xzs.jpg", "content_number": 0, "star": "0.0", "created_at": "2020-05-28T06:28:25.788Z", "updated_at": "2020-05-28T06:28:25.788Z", "admins": [3], "users": [3]}}, {"model": "bubbleworld.section", "pk": 22, "fields": {"name": "\u5c9b\u5e02\u8001\u516b", "author": "", "section_type": 8, "director": "", "actor": "", "author_description": "", "parent_section": 4, "description": "\u597d\u5144\u5f1f\uff0c\u5403\u4e86\u5417", "img": "", "content_number": 7, "star": "0.0", "created_at": "2020-05-28T06:49:21.431Z", "updated_at": "2020-05-28T06:52:45.569Z", "admins": [3], "users": [3]}}, {"model": "bubbleworld.post", "pk": 1, "fields": {"title": "\u843d\u82b1\u4eba\u72ec\u7acb\uff0c\u5fae\u96e8\u71d5\u53cc\u98de", "author": 2, "type_post": 8, "section": 18, "view_times": 0, "content_number": 0, "last_response": 2, "upper_placed": false, "essence": false, "created_at": "2020-05-28T05:31:12.643Z", "updated_at": "2020-05-28T05:31:12.643Z"}}, {"model": "bubbleworld.post", "pk": 4, "fields": {"title": "\u6765\u8fd9\u91cc\u5199\u4e0b\u4f60\u6700\u559c\u6b22\u7684\u4e00\u53e5\u8bdd\u5427", "author": 2, "type_post": 8, "section": 18, "view_times": 0, "content_number": 2, "last_response": 2, "upper_placed": false, "essence": false, "created_at": "2020-05-28T05:41:39.109Z", "updated_at": "2020-05-28T05:41:39.109Z"}}, {"model": "bubbleworld.post", "pk": 5, "fields": {"title": "2333", "author": 3, "type_post": 7, "section": 14, "view_times": 0, "content_number": 0, "last_response": 3, "upper_placed": false, "essence": false, "created_at": "2020-05-28T06:05:14.098Z", "updated_at": "2020-05-28T06:05:14.098Z"}}, {"model": "bubbleworld.post", "pk": 6, "fields": {"title": "\u51b2\u51b2\u51b2", "author": 3, "type_post": 8, "section": 19, "view_times": 0, "content_number": 0, "last_response": 3, "upper_placed": false, "essence": false, "created_at": "2020-05-28T06:06:41.743Z", "updated_at": "2020-05-28T06:06:41.743Z"}}, {"model": "bubbleworld.post", "pk": 7, "fields": {"title": "23333", "author": 2, "type_post": 7, "section": 14, "view_times": 0, "content_number": 0, "last_response": 2, "upper_placed": false, "essence": false, "created_at": "2020-05-28T06:06:55.737Z", "updated_at": "2020-05-28T06:06:55.737Z"}}, {"model": "bubbleworld.post", "pk": 8, "fields": {"title": "\u5b66\u4e2aP", "author": 2, "type_post": 7, "section": 15, "view_times": 0, "content_number": 0, "last_response": 2, "upper_placed": false, "essence": false, "created_at": "2020-05-28T06:07:23.631Z", "updated_at": "2020-05-28T06:07:23.631Z"}}, {"model": "bubbleworld.post", "pk": 9, "fields": {"title": "test", "author": 3, "type_post": 7, "section": 16, "view_times": 0, "content_number": 0, "last_response": 3, "upper_placed": false, "essence": false, "created_at": "2020-05-28T06:08:26.558Z", "updated_at": "2020-05-28T06:08:26.558Z"}}, {"model": "bubbleworld.post", "pk": 10, "fields": {"title": "\u6c61\u6e0d\u6c61\u6e0d", "author": 2, "type_post": 7, "section": 16, "view_times": 0, "content_number": 0, "last_response": 2, "upper_placed": false, "essence": false, "created_at": "2020-05-28T06:10:13.545Z", "updated_at": "2020-05-28T06:10:13.545Z"}}, {"model": "bubbleworld.post", "pk": 11, "fields": {"title": "\u8fd9\u6ce2\u5927\u8352\u661f\u9668", "author": 2, "type_post": 7, "section": 16, "view_times": 0, "content_number": 0, "last_response": 2, "upper_placed": false, "essence": false, "created_at": "2020-05-28T06:12:02.228Z", "updated_at": "2020-05-28T06:12:02.228Z"}}, {"model": "bubbleworld.post", "pk": 12, "fields": {"title": "\u5317\u822a\u65b0\u4e3b\u697c\u4e00\u8dc3\u89e3\u5343\u6101", "author": 2, "type_post": 7, "section": 17, "view_times": 0, "content_number": 0, "last_response": 2, "upper_placed": false, "essence": false, "created_at": "2020-05-28T06:12:50.836Z", "updated_at": "2020-05-28T06:12:50.836Z"}}, {"model": "bubbleworld.post", "pk": 13, "fields": {"title": "2213", "author": 3, "type_post": 8, "section": 19, "view_times": 0, "content_number": 0, "last_response": 3, "upper_placed": false, "essence": false, "created_at": "2020-05-28T06:36:43.354Z", "updated_at": "2020-05-28T06:36:43.354Z"}}, {"model": "bubbleworld.post", "pk": 14, "fields": {"title": "\u6c38\u8fdc\u6ef4\u795e", "author": 3, "type_post": 8, "section": 18, "view_times": 0, "content_number": 0, "last_response": 3, "upper_placed": false, "essence": false, "created_at": "2020-05-28T06:37:46.769Z", "updated_at": "2020-05-28T06:37:46.769Z"}}, {"model": "bubbleworld.post", "pk": 15, "fields": {"title": "\u8d77\u98de", "author": 3, "type_post": 8, "section": 18, "view_times": 0, "content_number": 8, "last_response": 3, "upper_placed": false, "essence": false, "created_at": "2020-05-28T06:39:12.733Z", "updated_at": "2020-05-28T06:39:12.733Z"}}, {"model": "bubbleworld.post", "pk": 16, "fields": {"title": "2213", "author": 3, "type_post": 8, "section": 18, "view_times": 0, "content_number": 1, "last_response": 3, "upper_placed": false, "essence": false, "created_at": "2020-05-28T06:43:41.180Z", "updated_at": "2020-05-28T06:43:41.180Z"}}, {"model": "bubbleworld.post", "pk": 17, "fields": {"title": "\u8001\u94c1\u4eec\uff0c\u7ed9\u5927\u5bb6\u8868\u6f14\u4e2a\u55f7", "author": 3, "type_post": 8, "section": 22, "view_times": 0, "content_number": 6, "last_response": 3, "upper_placed": false, "essence": false, "created_at": "2020-05-28T06:49:53.036Z", "updated_at": "2020-05-28T06:49:53.036Z"}}, {"model": "bubbleworld.postpart", "pk": 1, "fields": {"post": 4, "author": 2, "content": "<p><span style=\"background-color:#fff4e8; color:#222222\">\u7231\u5199\u5b57\uff0c\u7231\u6458\u6284\uff0c\u4e0d\u7231\u5e73\u5eb8\uff1b&nbsp;</span><br />\r\n<span style=\"background-color:#fff4e8; color:#222222\">\u7231\u9605\u8bfb\uff0c\u7231\u6536\u85cf\uff0c\u4e0d\u7231\u9057\u5fd8\u3002&nbsp;</span><br />\r\n<span style=\"background-color:#fff4e8; color:#222222\">\u8ff7\u604b\u6587\u5b57\uff0c\u5d07\u5c1a\u5171\u9e23\uff0c&nbsp;</span><br />\r\n<span style=\"background-color:#fff4e8; color:#222222\">\u6709\u90a3\u4e48\u4e00\u70b9\u70b9\u6267\u7740\uff0c\u6709\u90a3\u4e48\u4e00\u70b9\u70b9\u4e2a\u6027\uff0c&nbsp;</span><br />\r\n<span style=\"background-color:#fff4e8; color:#222222\">\u4e0d\u662f\u4ec0\u4e48\u5c0f\u4f17\uff0c\u4e5f\u4e0d\u662f\u4ec0\u4e48\u5927\u6d41\uff0c&nbsp;</span><br />\r\n<span style=\"background-color:#fff4e8; color:#222222\">\u6211\u4eec\u53ea\u4e3a\u90a3\u4e00\u884c\u884c\u8df3\u52a8\u7684\u6587\u5b57\u7740\u8ff7\u3002&nbsp;</span><br />\r\n<span style=\"background-color:#fff4e8; color:#222222\">\u6211\u4eec\u662f\u81ea\u5df1\u7cbe\u795e\u4e16\u754c\u7684\u4e3b\u4eba\uff0c&nbsp;</span><br />\r\n<span style=\"background-color:#fff4e8; color:#222222\">\u6211\u4eec\u662f\u53e5\u5b50\u8ff7\u3002&nbsp;</span></p>", "type_postpart": 8, "content_number": 0, "last_response": 2, "created_at": "2020-05-28T05:42:54.857Z", "updated_at": "2020-05-28T05:42:54.857Z"}}, {"model": "bubbleworld.postpart", "pk": 2, "fields": {"post": 15, "author": 3, "content": "<p>\u829c\u6e56 555555555555555555555555555555555555555555555555555555555555555555555555555555555555555555555</p>", "type_postpart": 8, "content_number": 1, "last_response": 3, "created_at": "2020-05-28T06:39:49.631Z", "updated_at": "2020-05-28T06:39:49.631Z"}}, {"model": "bubbleworld.postpart", "pk": 3, "fields": {"post": 15, "author": 3, "content": "<p>\u829c\u6e56 555555555555555555555555555555555555555555555555555555555555555555555555555555555555555555555</p>", "type_postpart": 8, "content_number": 0, "last_response": 3, "created_at": "2020-05-28T06:40:15.844Z", "updated_at": "2020-05-28T06:40:15.844Z"}}, {"model": "bubbleworld.postpart", "pk": 4, "fields": {"post": 15, "author": 3, "content": "<p>\u829c\u6e56 555555555555555555555555555555555555555555555555555555555555555555555555555555555555555555555</p>", "type_postpart": 8, "content_number": 0, "last_response": 3, "created_at": "2020-05-28T06:41:18.880Z", "updated_at": "2020-05-28T06:41:18.880Z"}}, {"model": "bubbleworld.postpart", "pk": 5, "fields": {"post": 16, "author": 3, "content": "<p>\u829c\u6e56 555555555555555555555555555555555555555555555555555555555555555555555555555555555555555555555</p>", "type_postpart": 8, "content_number": 0, "last_response": 3, "created_at": "2020-05-28T06:43:56.064Z", "updated_at": "2020-05-28T06:43:56.064Z"}}, {"model": "bubbleworld.postpart", "pk": 6, "fields": {"post": 17, "author": 3, "content": "<h2><strong>\u4e09\u987e\u8305\u5751\u7bc7</strong></h2>\r\n\r\n<p>&nbsp;</p>\r\n\r\n<p>\u7b2c\u4e00\u987e\u7cfb\uff1a\u8001\u94c1\u4eec\u554a\uff0c\u53ea\u6709\u4f60\u4eec\u60f3\u4e0d\u5230\u7684\uff0c\u6ca1\u6709\u8001\u516b\u505a\u4e0d\u5230\u7684\u3002\u8fd8\u662f\u90a3\u53e5\u8bdd\uff0c\u4eca\u5929\u8001\u516b\uff0c\u6311\u6218\u4e00\u628a\u5403\u7c91\u7c91\u3002\u5144\u5f1f\u4eec\uff0c\u5965\u5229\u7ed9\uff0c\u5e72\u5b83\uff01\u5455~\u5455~\u5455\u3002</p>\r\n\r\n<p>&nbsp;</p>\r\n\r\n<p>\u7b2c\u4e8c\u987e\u7cfb\uff1a\u8001\u94c1\u4eec\u554a\uff0c\u867d\u7136\u4e0d\u662f\u540c\u4e00\u65f6\u95f4\uff0c\u4f46\u662f\u540c\u4e00\u4e2a\u64a4shuoer~\u3002\u8001\u516b\u6211\u518d\u6b21\u6311\u6218\u4e00\u628a\u5403\u7c91\u7c91\uff0c\u5965\u5229\u7ed9\uff0c\u5e72\u4e86\u5144\u5f1f\u4eec\uff01\u5455~\u5455~\u5455\u3002</p>\r\n\r\n<p>&nbsp;</p>\r\n\r\n<p>\u7b2c\u4e09\u987e\u7cfb\uff1a\u8001\u94c1\u4eec\u554a\uff0c\u8fd8\u662f\u90a3\u53e5\u8bdd\uff0c\u53ea\u6709\u4f60\u4eec\u60f3\u4e0d\u5230\u7684\uff0c\u6c38\u8fdc\u6ca1\u6709\u6211\u8001\u516b\u505a\u4e0d\u5230\u7684\u3002\u4f60\u4eec\u4e0d\u8981\u7b11\u6211\u72fc\u72c8\u4e0d\u582a\uff0c\u6211\u4e5f\u53ef\u4ee5\u7b11\u4f60\uff0c\u79bb\u5f00\u4f60\u7684\u7236\u6bcd\uff0c\u6bd4\u6211\u5403\u5c4e\u90fd\u96be\u3002\u5965\u5229\u7ed9\uff0c\u5e72\u4e86\u5144\u5f1f\u4eec\uff01\u5455~\u5455~\u5455\u3002</p>", "type_postpart": 8, "content_number": 0, "last_response": 3, "created_at": "2020-05-28T06:50:24.741Z", "updated_at": "2020-05-28T06:50:24.741Z"}}, {"model": "bubbleworld.postpart", "pk": 7, "fields": {"post": 17, "author": 3, "content": "<h2>\u539f\u59cb\u6027\u7bc7</h2>\r\n\r\n<p>&nbsp;</p>\r\n\r\n<p>\u552f\u4e00\u86cb\u7cfb\uff1a\u8001\u94c1\u4eec\u554a\uff0c\u8fd8\u662f\u540c\u4e00\u65f6\u95f4\uff0c\u4f46\u4e0d\u662f\u540c\u4e00\u4e2a\u64a4shuoer\u3002\u8fd8\u662f\u90a3\u53e5\u8bdd\uff0c\u53ea\u6709\u4f60\u60f3\u4e0d\u5230\u7684\uff0c\u6c38\u8fdc\u6ca1\u6709\u8001\u516b\u505a\u4e0d\u5230\u7684\u3002\u4eca\u5929\u8001\u516b\u7ed9\u4f60\u4eec\u6311\u6218\u4e00\u628a\u97ad\u70ae\u5d29\u777e\u4e38\u3002\u5965\u5229\u7ed9\uff0c\u5e72\u4e86\u5144\u5f1f\u4eec~\uff08boom\uff01\uff09</p>\r\n\r\n<p>&nbsp;</p>\r\n\r\n<p>\u552f\u4e00\u725b\u7cfb\uff1a\u5144\u5f1f\uff0c\u752d\u7ba1\u662f\u4f60\u8d70\u8fc7\u4e1c\uff0c\u8fd8\u662f\u95ef\u8fc7\u897f\uff0c\u4eca\u5929\u8001\u516b\u8ba9\u4f60\u89c1\u8bc6\u89c1\u8bc6\u4ec0\u4e48\u624d\u662f\u771f\u6b63\u7684\u5439\u725bb\u3002\u770b\u89c1\u6ca1\uff0c\u8fd9\u662f\u725bb!\u5657~\u4ee5\u540e\u5c11jb\u5728\u6211\u9762\u524d\u5439\u725bb\u3002</p>\r\n\r\n<p>&nbsp;</p>", "type_postpart": 8, "content_number": 0, "last_response": 3, "created_at": "2020-05-28T06:50:35.585Z", "updated_at": "2020-05-28T06:50:35.585Z"}}, {"model": "bubbleworld.postpart", "pk": 8, "fields": {"post": 17, "author": 3, "content": "<h2>\u6742\u98df\u7bc7</h2>\r\n\r\n<p>&nbsp;</p>\r\n\r\n<p>\u67e0\u6aac\u7cfb\uff1a\u8fd9\u4e2a\u7206\u5934\uff0c\u90a3\u4e2a\u7206\u5934\uff0c\u4eca\u5929\u8001\u516b\u7ed9\u4f60\u7206\u4e2a\u5934\uff0c\u7206\u4e2a\u4ec0\u4e48\u5934\u634f\uff0c\u6211\u7ed9\u4f60\u7206\u4e2a\u67e0\u6aac\uff0c\u770b\u8fd9\u67e0\u6aac\u5934\u662f\u600e\u4e48\u7206\u7684\u3002\u5427\u5527\u5427\u5527\uff0c\u5494~\u5494\u5494~\u5494\u3002</p>\r\n\r\n<p>&nbsp;</p>\r\n\r\n<p>\u81ed\u8c46\u8150\u4e73\u7cfb\uff1a\u51d1\u8c46\u914d\u8150\u63b3\uff0c\u7f8e\u98df\u754c\u4e2d\u7684\u535a\u4e3b\u3002\u4e0d\u7ba1\u662f\u8165\u8fd8\u662f\u81ed\uff0c\u5230\u6211\u5634\u91cc\u5c31\u662f\u8089\u3002\u5965\u5229\u7ed9\uff0c\u5e72\u4e86\u5144\u5f1f\u4eec\uff01\u5427\u5527\u5427\u5527\uff0c\u5494~\u5494\u5494~\u5494\u3002</p>\r\n\r\n<p>&nbsp;</p>\r\n\r\n<p>\u4eba\u751f\u767e\u5473\u7cfb\uff1a\u8001\u94c1\u4eec\u554a\uff0c\u5c1d\u4e0d\u5230\u82e6\u8fa3\uff0c\u4f60\u6c38\u8fdc\u4e0d\u77e5\u9053\u9178\u751c\u3002\u4eca\u5929\u8001\u516b\u7ed9\u4f60\u6311\u6218\u4e00\u628a\u9178\u751c\u82e6\u8fa3\u54b8\u3002\u5965\u5229\u7ed9\uff0c\u5e72\u4e86\u5144\u5f1f\u4eec\uff01\u8fa3\u6912\uff0c\u5427\u5527\u5427\u5527\uff0c\u82e6\u74dc\uff0c\u5427\u5527\u5427\u5527\uff0c\u67e0\u6aac\uff0c\u5427\u5527\u5427\u5527\uff0c\u7cbe\u76d0\uff0c\u8001\u5e72\u5988\uff0c\u767d\u7cd6\uff0c\u5494\u5494~\u5495\u565c\u5495\u565c\u3002</p>\r\n\r\n<p>&nbsp;</p>\r\n\r\n<p>\u560e\u5623\u8106\u7cfb\uff1a\u5144\u5f1f\u4eec\uff0c\u4e0d\u5403\u597d\u7684\uff0c\u4e0d\u5403\u8d35\u7684\uff0c\u54b1\u4eca\u5929\u6574\u4fe9\u560e\u5623\u8106\u7684\u3002\u90fd\u8bf4\u5706\u8471\u5b83\u5f88\u8fa3\uff0c\u5230\u6211\u5634\u91cc\u6211\u5f97\u76d8\u5b83\u3002\u5965\u5229\u7ed9\uff0c\u5e72\u5c31\u5b8c\u4e86\u3002\u5427\u5527\u5427\u5527\uff0c\u5494~\u5494\u5494~\u5494\u3002</p>\r\n\r\n<p>&nbsp;</p>\r\n\r\n<p>\u79d8\u5236\u6c49\u5821\u7cfb\uff1a\u4e00\u65e5\u4e09\u9910\u6ca1\u70e6\u607c\uff0c\u4eca\u5929\u5c31\u5403\u8001\u516b\u79d8\u5236\u5c0f\u6c49\u5821\u3002\u5373\u5b9e\u60e0\uff0c\u8fd8\u7ba1\u9971\u3002\u51d1\u8c46\u8150\uff0c\u8150\u63b3\uff0c\u52a0\u67e0\u6aac\uff0c\u4f60\u770b\u8fd9\u6c49\u5821\u505a\u7684\u884c\u4e0d\u884c\u3002\u5965\u5229\u7ed9\uff0c\u5144\u5f1f\u4eec\uff0c\u9020\u5b83\u5c31\u5b8c\u4e86\u3002\u5427\u5527\u5427\u5527\uff0c\u5494~\u5494\u5494~\u5494\u3002</p>\r\n\r\n<p>&nbsp;</p>\r\n\r\n<p>\u706b\u9e21\u9762\u7cfb\uff1a\u706b\u9e21\u9762\uff0c\u5927\u8fa3\u6912\uff0c\u4e00\u987f\u4e0d\u5403\u5fc3\u523a\u6320\u3002\u90fd\u8bf4\u8fd9\u4e1c\u897f\u5b83\u5f88\u8fa3\uff0c\u5230\u6211\u5634\u91cc\u6211\u4e0d\u6015\u3002\u5965\u5229\u7ed9\uff0c\u5144\u5f1f\u4eec\uff0c\u9020\u5b83\u5c31\u5b8c\u4e86\u3002\u5427\u5527\u5427\u5527\uff0c\u5494~\u5494\u5494~\u5494\u3002</p>\r\n\r\n<p>&nbsp;</p>\r\n\r\n<p>\u7b80\u5355\u7c73\u996d\u7cfb\uff1a\u7b80\u7b80\u5355\u5355\u7684\u7c73\u996d\uff0c\u5f80\u91cc\u653e\u70b9\uff0c\u8c46\u8150\uff0c\u8150\u63b3\uff0c\u914d\u70b9\u849c\uff0c\u653e\u5230\u76c6\u91cc\u8fd9\u4e48\u4e00\u62cc\u3002\u4eca\u665a\u5c31\u5403\uff0c\u767d\u83dc\uff0c\u5305\u4e2a\u996d\u3002\u5965\u5229\u7ed9\uff0c\u5144\u5f1f\u4eec\uff0c\u9020\u5b83\u5c31\u5b8c\u4e86\u3002\u5427\u5527\u5427\u5527\uff0c\u5494~\u5494\u5494~\u5494\u3002</p>\r\n\r\n<p>&nbsp;</p>\r\n\r\n<p>\u9762\u6761\u7cfb\uff1a\u90fd\u8bf4\u9762\u6761\u5403\u4e0d\u9971\uff0c\u5c31\u602a\u914d\u6599\u6ca1\u653e\u597d\u3002\u51d1\u8c46\u8150\uff0c\u8150\u63b3\uff0c\u9ec4\u74dc\u4e1d\u3002\u8fd9\u6761\u9762\u6761\u5403\u5230\u5634\u91cc\uff0c\u7f8e\u6c41\u6c41\u513f~\u5965\u5229\u7ed9\uff0c\u5144\u5f1f\u4eec\uff0c\u9020\u5b83\u5c31\u5b8c\u4e86\u3002\u5427\u5527\u5427\u5527\uff0c\u5494~\u5494\u5494~\u5494\u3002</p>\r\n\r\n<p>&nbsp;</p>\r\n\r\n<p>\u4e0d\u597d\u770b\u7cfb\uff1a\u867d\u7136\u957f\u6ef4\u4e0d\u597d\u770b\uff0c\u91cc\u9762\u88c5\u7684\u662f\u7c73\u996d\u3002\u4e00\u53e3\u7c73\u8336\u4e00\u53e3\u849c\uff0c\u7b80\u7b80\u5355\u5355\u7684\u5348\u996d\u3002\u5965\u5229\u7ed9\uff0c\u5144\u5f1f\u4eec\uff0c\u9020\u5b83\u5c31\u5b8c\u4e86\u3002\u5427\u5527\u5427\u5527\uff0c\u5494~\u5494\u5494~\u5494\u3002</p>\r\n\r\n<p>&nbsp;</p>\r\n\r\n<p>\u5927\u6252\u9e2d\u7cfb\uff1a\u7f8e\u98df\u754c\u91cc\u6211\u8001\u516b\uff0c\u4eca\u5929\u5403\u4e2a\u5927\u6252\u9e2d\u3002\u8981\u95ee\u6252\u9e2d\u54ea\u91cc\u597d\uff0c\u6252\u9e2d\u5c41\u80a1\u662f\u5757\u5b9d\u3002\u5965\u5229\u7ed9\uff0c\u5144\u5f1f\u4eec\uff0c\u9020\u5b83\u5c31\u5b8c\u4e86\u3002\u54df~\u4e0b\u86cb\u4e86\u3002\u5427\u5527\u5427\u5527\uff0c\u5494~\u5494\u5494~\u5494\u3002</p>", "type_postpart": 8, "content_number": 0, "last_response": 3, "created_at": "2020-05-28T06:50:49.433Z", "updated_at": "2020-05-28T06:50:49.433Z"}}, {"model": "bubbleworld.postpart", "pk": 9, "fields": {"post": 17, "author": 3, "content": "<h2>\u5fc3\u9178\u8001\u516b\u7bc7</h2>\r\n\r\n<p>&nbsp;</p>\r\n\r\n<p>\u6b63\u80fd\u91cf\u7cfb\uff1a\u5173\u64ad\u4e86\u5144\u5f1f\u4eec\uff0c\u4e0d\u80fd\u592a\u665a\u4e86\uff0c\u56e0\u4e3a\u54b1\u8fd9\u91cc\u9762\u6709\u4e0a\u5b66\u7684\uff0c\u8fd8\u6709\u4e0a\u73ed\u7684\uff0c\u4f60\u4eec\u597d\u597d\u7684\uff0c\u8003\u4e2a\u597d\u6210\u7ee9\u3002\u8fd8\u662f\u90a3\u53e5\u8bdd\uff0c\u7ed9\u81ea\u5df1\u7684\u7236\u6bcd\u4e89\u70b9\u5149\uff0c\u522b\u8ddf\u6211\u5b66\uff0c\u5f80\u90a3\u4e00\u8e72\uff0c\u6ca1\u51fa\u606f\uff0c\u771f\u4e8b\uff0c\u8ba9\u4eba\u5520\u4e00\u8f88\u5b50\u3002\u8bf4\u53e5\u5b9e\u8bdd\uff0c\u6211\u73b0\u5728\u90fd\u6210\u4e3a\u7b11\u8bdd\u4e86\uff0c\u6211\u5f97\u8ba9\u4eba\u8bb2\u7a76\u4e00\u8f88\u5b50\u3002\u6211\u8ddf\u4f60\u8bf4\u80cc\u5728\u6211\u8eab\u4e0a\u8fd9\u4e2a\u540d\uff0c\u6c38\u8fdc\u90fd\u64e6\u4e0d\u53bb\u4e86\u3002\u4e0d\u50cf\u6211\u62b9\u5b8c\u53e3\u7ea2\uff0c\u6211\u62ff\u7eb8\u8fd8\u80fd\u64e6\u6389\uff0c\u5c31\u662f\u5728\u6211\u8e72\u8305\u5751\u8d77\u6765\u7684\u90a3\u4e00\u523b\u5230\u73b0\u5728\uff0c\u4e0d\u662f\u8bf4\u5230\u73b0\u5728\uff0c\u5230\u4ee5\u540e\u6211\u90fd\u4f1a\u4e00\u76f4\u80cc\u7740\uff0c\u5c31\u662f\u8bf4\u6211\u662f\u4e00\u4e2a\u5403\u5c4e\u7684\u4eba\u3002\u6211\u81ea\u5df1\u5fc3\u91cc\u660e\u767d\u6211\u662f\u5565\u6837\u7684\u4eba\uff0c\u4f46\u662f\u6211\u4e0d\u5728\u4e4e\u3002\u6709\u4f60\u4eec\uff0c\u4e3a\u4e86\u4f60\u4eec\uff0c\u60f3\u60f3\u4f60\u4eec\u6211\u4e5f\u5f00\u5fc3\u3002\u8c22\u8c22\u4f60\u4eec\uff0c\u5565\u4e5f\u4e0d\u5520\u4e86\uff0c\u6709\u4f60\u4eec\u6211\u771f\u7684\u5f88\u5f00\u5fc3\u3002\uff08\u6cea\u76ee\uff09</p>\r\n\r\n<p>&nbsp;</p>\r\n\r\n<p>\u6d6a\u5b50\u56de\u5934\u7cfb\uff1a\u90a3\u65f6\u5019\u6211\u5bb6\u5c31\u6211\u4e00\u4e2a\uff0c\u8fd8\u6709\u4e00\u4e2a\u5c0f\u59b9\uff0c\u6211\u5c31\u9760\u6211\u7684\u7236\u6bcd\u3002\u5728\u5916\u9762\u5e72\u70b9\u5565\u561e\uff0c\u6ca1\u6709\u94b1\u4e86\uff0c\u5c31\u7ed9\u5bb6\u6253\u7535\u8bdd\uff0c\u4e70\u8863\u670d\uff0c\u8bf4\u7238\u5440\u5988\u5440\u6709\u94b1\u6ca1\u7ed9\u6211\u8f6c\u70b9\uff0c\u7b49\u6211\u6323\u94b1\u4e86\u518d\u7ed9\u4f60\u6253\u56de\u53bb\u3002\u5176\u5b9e\u6211\u5c31\u8fd9\u4e48\u8bf4\uff0c\u53ea\u6709\u770b\u5230\u6211\u7684\u5bb6\u91cc\u7ed9\u6211\u5bc4\u7684\u94b1\uff0c\u6c38\u8fdc\u6211\u5bb6\u91cc\uff0c\u771f\u4e8b\uff0c\u5728\u6211\u4e8c\u5341\u516d\u5c81\u4e4b\u524d\u4ece\u6765\u6211\u5988\u6ca1\u770b\u89c1\u8fc7\u6211\u662f\u5f80\u5bb6\u91cc\u5bc4\u4e00\u5206\u94b1\u3002\u6211\u4e0d\u8bf4\u6bd4\u522b\u4eba\u8fc7\u5f97\u597d\uff0c\u6700\u8d77\u7801\u6211\u4e0d\u80fd\u50cf\u4ee5\u524d\u90a3\u6837\u4e86\uff0c\u6211\u5f20\u5634\u95ed\u5634\u6709\u4e8b\u5c31\u7239\u5988\u7684\u3002\u56e0\u4e3a\u5565\uff0c\u6211\u61c2\u5f97\u4e86\uff0c\u6211\u4e5f\u957f\u5927\u4e86\u3002\u73b0\u5728\u6211\u5988\u90fd\u8bf4\u6211\u5c31\u662f\u8ddf\u5b69\u5b50\u4e00\u6837\u3002\u73b0\u5728\uff0c\u6211\u56de\u5bb6\uff0c\u6211\u4e0d\u80fd\u8bf4\u8ba9\u6211\u5988\u8bf4\u4f60\u53c8\u56de\u6765\u4e86\u3002\u771f\u7684\uff0c\u90a3\u65f6\u5019\u6211\u56de\u5bb6\uff0c\u6211\u81ea\u5df1\u7239\u5988\u90fd\u4e0d\u80fd\u7785\u6211\uff0c\u6709\u5565\u8bf4\u5565\uff0c\u6ee1\u8eab\u4e0d\u670d\uff0c\u53c8\u8981\u94b1\u6765\u4e86\u3002\u5176\u5b9e\u90fd\u6ca1\u6709\u94b1\uff0c\u4e00\u4e2a\u519c\u6751\u7684\u80fd\u6709\u5565\u94b1\uff0c\u9760\u5356\u70b9\u82b1\u751f\uff0c\u79cd\u70b9\u5730\u3002\u5176\u5b9e\u6253\u7535\u8bdd\u5728\u5916\u9762\u82b1\u751f\u6ca1\u5356\uff0c\u5c31\u662f\u501f\u7684\u4e5f\u7ed9\u6211\u8fd9\u4e2a\u94b1\u3002\u56e0\u4e3a\uff0c\u4f60\u662f\u4ed6\u513f\u5b50\u3002\u73b0\u5728\u6211\u660e\u767d\u4e00\u4e2a\u9053\u7406\uff0c\u7236\u6bcd\u517b\u5c0f\uff0c\u54b1\u5c31\u5f97\u517b\u7236\u6bcd\u8001\u3002\u4e0d\u7ba1\u600e\u4e48\u4e8b\uff0c\u6211\u6562\u4fdd\u8bc1\u6211\u6ca1\u5751\u6ca1\u6478\u6ca1\u5077\u6ca1\u9a97\u5427\u3002\u6709\u4eba\u8bf4\uff0c\u8001\u516b\u4f60\u4e2a\u6df7\u4e2a\u793e\u4f1a\u5427\u3002\u5565\u53eb\u793e\u4f1a\u5144\u5f1f\u4eec\uff1f\u90a3\u53eb\u50bbb\u3002\u771f\u7684\uff0c\u4f60\u4eec\u4e0d\u8981\u5411\u5f80\u793e\u4f1a\uff0c\u4f60\u4eec\u8fd8\u5e74\u8f7b\uff0c\u8981\u6709\u81ea\u5df1\u7684\u68a6\u60f3\uff0c\u521b\u5efa\u4e00\u4e2a\u7f8e\u597d\u7684\u672a\u6765\uff0c\u7ed9\u81ea\u5df1\u7684\u7236\u6bcd\u4e89\u70b9\u5149\u3002\u4e0a\u5b66\u7684\u4e5f\u597d\uff0c\u4e0a\u73ed\u7684\u4e5f\u597d\uff0c\u6211\u795d\u4f60\u4eec\u4e07\u4e8b\u5982\u610f\u5427\u3002\u5230\u6211\u8fd9\u4e2a\u5e74\u9f84\uff0c\u6211\u518d\u60f3\u540e\u6094\u7684\u8bdd...\u8fd9\u4e2a\u4e16\u754c\u4e0a\u6ca1\u6709\u5356\u540e\u6094\u836f\u5427?\u90a3\u65f6\u5019\u6211\u4e0d\u8bf4\u6df7\u793e\u4f1a\uff0c\u4f46\u662f\u6211\u4ec0\u4e48\u4eba\u4e5f\u89c1\u8fc7\u3002\u6211\u8ddf\u4ec0\u4e48\u4ec0\u4e48...\u5927\u54e5\u3002\u54b1\u4e0d\u8bf4\u5927\u54e5\uff0c\u6700\u8d77\u7801\u5728\u4e00\u4e2a\u57ce\u5e02\u8bf4\u8bdd\u7b97\u6570\u7684\u6211\u4e5f\u8ddf\u8fc7\u3002\u6ca1\u6709\u7528\u3002\u51fa\u4e8b\u4e86\uff0c\u4f60\u8bb0\u4f4f\uff0c\u6700\u540e\u8fd8\u5f97\u662f\u4f60\u7684\u7236\u6bcd\uff0c\u81ea\u5df1\u7684\u7239\u5988\u3002\u5728\u5916\u9762\u522b\u663e\u793a\uff0c\u6df7\uff0c\u6ca1\u6709\u5565\u7528\uff0c\u6ca1\u6709\u5565\u7528\u3002\u5230\u6211\u8fd9\u4e2a\u65f6\u5019\uff0c\u771f\u7684\uff0c\u4f60\u4eec\u90fd\u540e\u6094\u4e86\u3002\u5982\u679c\u65f6\u95f4\u53ef\u4ee5\u518d\u8ba9\u6211\u6765\u8fc7\u7684\u8bdd\uff0c\u5ff5\u4e0d\u8fdb\u53bb\u4e66\u6211\u4f1a\u5b66\u70b9\u624b\u827a\u3002\uff08\u6f78\u7136\u6cea\u4e0b\uff09</p>", "type_postpart": 8, "content_number": 0, "last_response": 3, "created_at": "2020-05-28T06:51:09.977Z", "updated_at": "2020-05-28T06:51:09.977Z"}}, {"model": "bubbleworld.postpart", "pk": 10, "fields": {"post": 17, "author": 3, "content": "<p><img src=\"https://pic1.zhimg.com/80/v2-f09b3345bd9a68590b98a4cc13faf064_720w.jpg\" style=\"width:1055px\" /></p>", "type_postpart": 8, "content_number": 0, "last_response": 3, "created_at": "2020-05-28T06:51:36.712Z", "updated_at": "2020-05-28T06:51:36.712Z"}}, {"model": "bubbleworld.postpart", "pk": 11, "fields": {"post": 17, "author": 3, "content": "<p>\u8f6c\u81ea\u77e5\u4e4e<a href=\"https://zhuanlan.zhihu.com/p/97612273\">\u94fe\u63a5</a></p>", "type_postpart": 8, "content_number": 0, "last_response": 3, "created_at": "2020-05-28T06:52:45.559Z", "updated_at": "2020-05-28T06:52:45.559Z"}}, {"model": "bubbleworld.postpartcomment", "pk": 1, "fields": {"postpart": 2, "author": 3, "type_postpartcomment": 8, "content": "\u829c\u6e56 555555555555555555555555555555555555555555555555555555555555555555555555555555555555555555555", "created_at": "2020-05-28T06:41:35.336Z", "updated_at": "2020-05-28T06:41:35.336Z"}}, {"model": "bubbleworld.postpartcomment", "pk": 2, "fields": {"postpart": 5, "author": 3, "type_postpartcomment": 8, "content": "\u829c\u6e56 555555555555555555555555555555555555555555555555555555555555555555555555555555555555555555555", "created_at": "2020-05-28T06:44:10.772Z", "updated_at": "2020-05-28T06:44:10.772Z"}}, {"model": "bubbleworld.comment", "pk": 1, "fields": {"title": "\u8de8\u65f6\u4ee3\u7684\u4f5c\u54c1", "section": 10, "type_comment": 0, "star": 1, "author": 2, "content": "<p>\u62cd\u5f97\u592a\u597d\u4e86\uff0c\u7279\u6548\u975e\u5e38\u597d\uff0c\u9e7f\u6657\u7684\u6f14\u6280\u4e5f\u65e0\u53ef\u6311\u5254\uff0c\u6709\u673a\u4f1a\u4e00\u5b9a\u4f1a\u53bb\u5f71\u9662\u652f\u6301\u7684</p>", "like_number": 1, "dislike_number": 0, "created_at": "2020-05-28T05:02:47.139Z", "updated_at": "2020-05-28T05:02:47.139Z", "like_user": [2], "dislike_user": []}}, {"model": "bubbleworld.comment", "pk": 2, "fields": {"title": "\u6700\u96be\u5fd8\u7684\u4e00\u53e5", "section": 9, "type_comment": 0, "star": 5, "author": 2, "content": "<p><span style=\"background-color:#ffffff; color:#191919\">\u4e5f\u8bb8\u6bcf\u4e2a\u4eba\u5fc3\u4e2d\u90fd\u6709\u4e00\u4e2a\u98ce\u7b5d\uff0c\u65e0\u8bba\u5b83\u610f\u5473\u7740\u4ec0\u4e48\uff0c\u8ba9\u6211\u4eec\u52c7\u6562\u5730\u8ffd</span></p>", "like_number": 1, "dislike_number": 0, "created_at": "2020-05-28T05:07:13.948Z", "updated_at": "2020-05-28T05:07:13.948Z", "like_user": [3], "dislike_user": []}}, {"model": "bubbleworld.comment", "pk": 3, "fields": {"title": "\u4e1c\u91ce\u6700\u597d\u7684\u4e00\u90e8\u4f5c\u54c1", "section": 6, "type_comment": 0, "star": 5, "author": 2, "content": "<p>\u6211\u7684\u5929\u7a7a\u91cc\u6ca1\u6709\u592a\u9633\uff0c\u603b\u662f\u9ed1\u591c</p>\r\n\r\n<p>\u4f46\u5e76\u4e0d\u6697\uff0c\u56e0\u4e3a\u6709\u4e1c\u897f\u4ee3\u66ff\u4e86\u592a\u9633</p>\r\n\r\n<p>\u867d\u7136\u6ca1\u6709\u592a\u9633\u90a3\u4e48\u660e\u4eae\uff0c\u4f46\u5bf9\u6211\u6765\u8bf4\u5df2\u7ecf\u8db3\u591f</p>", "like_number": 1, "dislike_number": 0, "created_at": "2020-05-28T05:12:08.088Z", "updated_at": "2020-05-28T05:12:08.088Z", "like_user": [3], "dislike_user": []}}, {"model": "bubbleworld.comment", "pk": 4, "fields": {"title": "\u5965\u65af\u5361\u91d1\u50cf\u5956", "section": 13, "type_comment": 0, "star": 5, "author": 2, "content": "<p>\u91d1\u57fa\u5a77\u5750\u5728\u6ea2\u6c34\u7684\u9a6c\u6876\u4e0a\u62bd\u70df\u90a3\u4e00\u6bb5\u771f\u7684\u592a\u6709\u51b2\u51fb\u529b\u4e86</p>\r\n\r\n<p>\u6574\u90e8\u5f71\u7247\u5b8c\u6210\u5ea6\u548c\u5185\u6db5\u90fd\u5f88\u51fa\u8272</p>", "like_number": 0, "dislike_number": 1, "created_at": "2020-05-28T05:17:13.752Z", "updated_at": "2020-05-28T05:17:13.752Z", "like_user": [], "dislike_user": [3]}}]